method,basis,factor
HF,STO-3G,0.817
HF,3-21G,0.906
HF,3-21G*,0.903
HF,6-31G,0.903
HF,6-31G*,0.899
HF,6-31G**,0.903
HF,6-31+G**,0.904
HF,6-311G*,0.904
HF,6-311G**,0.909
HF,"6-31G(2df,p)",0.906
HF,"6-311+G(3df,2p)",0.909
HF,"6-311+G(3df,2pd)",0.906
HF,TZVP,0.909
HF,cc-pVDZ,0.908
HF,cc-pVTZ,0.91
HF,cc-pVQZ,0.908
HF,aug-cc-pVDZ,0.911
HF,aug-cc-pVTZ,0.91
HF,aug-cc-pVQZ,0.909
HF,cc-pV(T+d)Z,0.91
HF,cc-pCVDZ,0.916
HF,cc-pCVTZ,0.913
HF,Sadlej_pVTZ,0.913
HF,daug-cc-pVDZ,0.912
HF,daug-cc-pVTZ,0.905
LSDA,STO-3G,0.896
LSDA,3-21G,0.984
LSDA,3-21G*,0.982
LSDA,6-31G,0.98
LSDA,6-31G*,0.981
LSDA,6-31G**,0.981
LSDA,6-31+G**,0.985
LSDA,6-311G*,0.984
LSDA,6-311G**,0.988
LSDA,"6-31G(2df,p)",0.984
LSDA,TZVP,0.988
LSDA,cc-pVDZ,0.989
LSDA,cc-pVTZ,0.989
LSDA,aug-cc-pVDZ,0.989
LSDA,aug-cc-pVTZ,0.991
LSDA,cc-pV(T+d)Z,0.99
BLYP,STO-3G,0.925
BLYP,3-21G,0.995
BLYP,3-21G*,0.994
BLYP,6-31G,0.992
BLYP,6-31G*,0.992
BLYP,6-31G**,0.992
BLYP,6-31+G**,0.995
BLYP,6-311G*,0.998
BLYP,6-311G**,0.996
BLYP,"6-31G(2df,p)",0.995
BLYP,"6-311+G(3df,2p)",0.995
BLYP,TZVP,0.998
BLYP,cc-pVDZ,1.002
BLYP,cc-pVTZ,0.997
BLYP,aug-cc-pVDZ,0.998
BLYP,aug-cc-pVTZ,0.997
BLYP,cc-pV(T+d)Z,0.996
B3LYP,STO-3G,0.892
B3LYP,3-21G,0.965
B3LYP,3-21G*,0.962
B3LYP,6-31G,0.962
B3LYP,6-31G*,0.96
B3LYP,6-31G**,0.961
B3LYP,6-31+G**,0.964
B3LYP,6-311G*,0.966
B3LYP,6-311G**,0.967
B3LYP,"6-31G(2df,p)",0.965
B3LYP,"6-311+G(3df,2p)",0.967
B3LYP,"6-311+G(3df,2pd)",0.964
B3LYP,TZVP,0.965
B3LYP,cc-pVDZ,0.97
B3LYP,cc-pVTZ,0.967
B3LYP,cc-pVQZ,0.969
B3LYP,aug-cc-pVDZ,0.97
B3LYP,aug-cc-pVTZ,0.968
B3LYP,aug-cc-pVQZ,0.969
B3LYP,cc-pV(T+d)Z,0.965
B3LYP,Sadlej_pVTZ,0.972
B3PW91,STO-3G,0.885
B3PW91,3-21G,0.961
B3PW91,3-21G*,0.959
B3PW91,6-31G,0.958
B3PW91,6-31G*,0.957
B3PW91,6-31G**,0.958
B3PW91,6-31+G**,0.96
B3PW91,6-311G*,0.963
B3PW91,6-311G**,0.963
B3PW91,"6-31G(2df,p)",0.961
B3PW91,"6-311+G(3df,2p)",0.957
B3PW91,TZVP,0.964
B3PW91,cc-pVDZ,0.965
B3PW91,cc-pVTZ,0.962
B3PW91,aug-cc-pVDZ,0.965
B3PW91,aug-cc-pVTZ,0.965
B3PW91,cc-pV(T+d)Z,0.964
mPW1PW91,STO-3G,0.879
mPW1PW91,3-21G,0.955
mPW1PW91,3-21G*,0.95
mPW1PW91,6-31G,0.947
mPW1PW91,6-31G*,0.948
mPW1PW91,6-31G**,0.952
mPW1PW91,6-31+G**,0.952
mPW1PW91,6-311G*,0.954
mPW1PW91,6-311G**,0.957
mPW1PW91,"6-31G(2df,p)",0.955
mPW1PW91,TZVP,0.954
mPW1PW91,cc-pVDZ,0.958
mPW1PW91,cc-pVTZ,0.959
mPW1PW91,aug-cc-pVDZ,0.958
mPW1PW91,aug-cc-pVTZ,0.958
mPW1PW91,cc-pV(T+d)Z,0.958
M06-2X,3-21G,0.959
M06-2X,3-21G*,0.947
M06-2X,6-31G*,0.947
M06-2X,6-31G**,0.95
M06-2X,6-31+G**,0.952
M06-2X,"6-31G(2df,p)",0.952
M06-2X,TZVP,0.946
M06-2X,cc-pVTZ,0.955
M06-2X,aug-cc-pVTZ,0.956
PBEPBE,STO-3G,0.914
PBEPBE,3-21G,0.991
PBEPBE,3-21G*,0.954
PBEPBE,6-31G,0.986
PBEPBE,6-31G*,0.986
PBEPBE,6-31G**,0.986
PBEPBE,6-31+G**,0.989
PBEPBE,6-311G*,0.99
PBEPBE,6-311G**,0.991
PBEPBE,"6-31G(2df,p)",0.99
PBEPBE,"6-311+G(3df,2p)",0.992
PBEPBE,"6-311+G(3df,2pd)",0.99
PBEPBE,TZVP,0.989
PBEPBE,cc-pVDZ,0.994
PBEPBE,cc-pVTZ,0.993
PBEPBE,aug-cc-pVDZ,0.994
PBEPBE,aug-cc-pVTZ,0.994
PBEPBE,cc-pV(T+d)Z,0.993
PBEPBE,Sadlej_pVTZ,0.995
PBE1PBE,STO-3G,0.882
PBE1PBE,3-21G,0.96
PBE1PBE,3-21G*,0.96
PBE1PBE,6-31G,0.956
PBE1PBE,6-31G*,0.95
PBE1PBE,6-31G**,0.953
PBE1PBE,6-31+G**,0.955
PBE1PBE,6-311G*,0.959
PBE1PBE,6-311G**,0.959
PBE1PBE,"6-31G(2df,p)",0.957
PBE1PBE,TZVP,0.96
PBE1PBE,cc-pVDZ,0.962
PBE1PBE,cc-pVTZ,0.961
PBE1PBE,aug-cc-pVDZ,0.962
PBE1PBE,aug-cc-pVTZ,0.962
HSEh1PBE,STO-3G,0.883
HSEh1PBE,3-21G,0.963
HSEh1PBE,3-21G*,0.96
HSEh1PBE,6-31G,0.957
HSEh1PBE,6-31G*,0.951
HSEh1PBE,6-31G**,0.954
HSEh1PBE,6-31+G**,0.955
HSEh1PBE,6-311G*,0.96
HSEh1PBE,6-311G**,0.96
HSEh1PBE,"6-31G(2df,p)",0.958
HSEh1PBE,TZVP,0.96
HSEh1PBE,cc-pVDZ,0.962
HSEh1PBE,cc-pVTZ,0.961
HSEh1PBE,aug-cc-pVDZ,0.962
HSEh1PBE,aug-cc-pVTZ,0.962
TPSSh,3-21G,0.969
TPSSh,3-21G*,0.966
TPSSh,6-31G,0.962
TPSSh,6-31G*,0.959
TPSSh,6-31G**,0.959
TPSSh,6-31+G**,0.963
TPSSh,6-311G*,0.963
TPSSh,"6-31G(2df,p)",0.965
TPSSh,TZVP,0.964
TPSSh,cc-pVDZ,0.972
TPSSh,cc-pVTZ,0.968
TPSSh,aug-cc-pVDZ,0.967
TPSSh,aug-cc-pVTZ,0.965
wB97X-D,3-21G*,0.948
wB97X-D,6-31G*,0.949
wB97X-D,6-31+G**,0.952
wB97X-D,6-311G**,0.957
wB97X-D,TZVP,0.955
wB97X-D,cc-pVDZ,0.953
wB97X-D,cc-pVTZ,0.956
wB97X-D,aug-cc-pVDZ,0.957
wB97X-D,aug-cc-pVTZ,0.957
B97D3,3-21G,0.983
B97D3,6-31G*,0.98
B97D3,6-31+G**,0.983
B97D3,6-311G**,0.986
B97D3,"6-311+G(3df,2p)",0.987
B97D3,TZVP,0.986
B97D3,cc-pVDZ,0.992
B97D3,cc-pVTZ,0.986
B97D3,aug-cc-pVTZ,0.985
MP2,STO-3G,0.872
MP2,3-21G,0.955
MP2,3-21G*,0.951
MP2,6-31G,0.957
MP2,6-31G*,0.943
MP2,6-31G**,0.937
MP2,6-31+G**,0.941
MP2,6-311G*,0.95
MP2,6-311G**,0.95
MP2,"6-31G(2df,p)",0.945
MP2,"6-311+G(3df,2p)",0.943
MP2,"6-311+G(3df,2pd)",0.95
MP2,TZVP,0.948
MP2,cc-pVDZ,0.953
MP2,cc-pVTZ,0.95
MP2,cc-pVQZ,0.948
MP2,aug-cc-pVDZ,0.959
MP2,aug-cc-pVTZ,0.953
MP2,aug-cc-pVQZ,0.95
MP2,cc-pV(T+d)Z,0.953
MP2,cc-pCVDZ,0.956
MP2,cc-pCVTZ,0.953
MP2,Sadlej_pVTZ,0.962
B2PLYP,6-31G*,0.949
B2PLYP,6-31+G**,0.952
B2PLYP,"6-31G(2df,p)",0.955
B2PLYP,TZVP,0.954
B2PLYP,cc-pVDZ,0.958
B2PLYP,cc-pVTZ,0.959
B2PLYP,cc-pVQZ,0.957
B2PLYP,aug-cc-pVTZ,0.961
CCSD(T),3-21G,0.991
CCSD(T),3-21G*,0.943
CCSD(T),6-31G,0.943
CCSD(T),6-31G*,0.962
CCSD(T),6-31G**,0.949
CCSD(T),6-31+G**,0.96
CCSD(T),6-311G*,0.963
CCSD(T),6-311G**,0.965
CCSD(T),"6-311+G(3df,2p)",0.987
CCSD(T),TZVP,0.963
CCSD(T),cc-pVDZ,0.979
CCSD(T),cc-pVTZ,0.975
CCSD(T),cc-pVQZ,0.97
CCSD(T),aug-cc-pVDZ,0.963
CCSD(T),aug-cc-pVTZ,0.97
CCSD(T),aug-cc-pVQZ,0.961
CCSD(T),cc-pV(T+d)Z,0.965
CCSD(T),cc-pCVDZ,0.971
CCSD(T),cc-pCVTZ,0.966
HF,CEP-31G,0.901
HF,CEP-31G*,0.898
HF,CEP-121G,0.913
HF,CEP-121G*,0.903
HF,LANL2DZ,0.9
HF,SDD,0.9
HF,Def2TZVPP,0.906
BLYP,CEP-31G,0.995
BLYP,CEP-31G*,0.995
BLYP,CEP-121G,0.995
BLYP,CEP-121G*,0.995
BLYP,LANL2DZ,0.995
BLYP,SDD,0.995
B3LYP,CEP-31G,0.968
B3LYP,CEP-31G*,0.966
B3LYP,CEP-121G,0.975
B3LYP,CEP-121G*,0.969
B3LYP,LANL2DZ,0.961
B3LYP,SDD,0.961
B3LYP,Def2TZVPP,0.963
B3PW91,CEP-31G,0.957
B3PW91,CEP-31G*,0.957
B3PW91,CEP-121G,0.957
B3PW91,CEP-121G*,0.957
B3PW91,LANL2DZ,0.957
B3PW91,SDD,0.957
mPW1PW91,CEP-31G,0.95
mPW1PW91,CEP-31G*,0.95
mPW1PW91,CEP-121G,0.95
mPW1PW91,CEP-121G*,0.95
mPW1PW91,LANL2DZ,0.95
mPW1PW91,SDD,0.95
PBEPBE,Def2TZVPP,0.988
wB97X-D,Def2TZVPP,0.955
B97D3,Def2TZVPP,0.986
MP2,CEP-31G,0.966
MP2,CEP-31G*,0.949
MP2,CEP-121G,0.976
MP2,CEP-121G*,0.953
MP2,LANL2DZ,0.963
MP2,SDD,0.965
MP2,Def2TZVPP,0.952
CCSD(T),CEP-31G,0.943
CCSD(T),CEP-31G*,0.943
CCSD(T),CEP-121G,0.943
CCSD(T),CEP-121G*,0.943
CCSD(T),LANL2DZ,0.943
CCSD(T),SDD,0.943
